,City,Cloudiness,Country,Date,Humidity,lat,lon,Max Temp,Wind Speed
0,Hobart,49,AU,1583022009,55,-42.88,147.33,18.33,4.1
1,Yellowknife,20,CA,1583021736,69,62.46,-114.35,-20.0,5.1
2,Tasiilaq,100,GL,1583022017,67,65.61,-37.64,-8.0,1.0
3,Bengkulu,100,ID,1583022144,87,-3.8,102.27,24.22,1.56
4,Nísia Floresta,40,BR,1583022102,78,-6.09,-35.21,28.0,1.5
5,Mataura,37,NZ,1583021874,52,-46.19,168.86,19.38,0.76
6,Punta Arenas,75,CL,1583021879,72,-53.15,-70.92,16.0,10.8
7,Skibbereen,20,IE,1583022145,80,51.55,-9.27,2.0,7.2
8,Ratnagiri,0,IN,1583022145,48,16.98,73.3,19.79,0.65
9,Popondetta,57,PG,1583022145,84,-8.75,148.25,27.57,1.26
10,Copiapó,0,CL,1583022146,77,-27.37,-70.33,17.0,3.6
11,Fortuna,20,US,1583021910,66,40.6,-124.16,11.11,6.2
12,Hithadhoo,61,MV,1583021893,79,-0.6,73.08,27.97,5.25
13,Aklavik,40,CA,1583021913,68,68.22,-135.01,-22.0,1.5
14,Cherskiy,32,RU,1583022025,92,68.75,161.3,-18.74,2.05
15,Nishihara,20,JP,1583022147,83,26.18,127.76,24.0,5.7
16,Port Alfred,27,ZA,1583022147,90,-33.59,26.89,16.67,1.34
17,Hong Kong,20,HK,1583021887,88,22.29,114.16,22.78,1.5
18,Torbay,5,CA,1583021941,67,47.67,-52.73,-3.89,4.1
19,Kapaa,40,US,1583021892,69,22.08,-159.32,27.0,10.8
20,Tromsø,75,NO,1583022148,73,69.65,18.96,-4.0,8.2
21,New Norfolk,47,AU,1583022009,55,-42.78,147.06,18.33,4.1
22,Kahului,40,US,1583022080,64,20.89,-156.47,24.0,7.2
23,Tuktoyaktuk,20,CA,1583021907,74,69.45,-133.04,-30.0,3.6
24,Atar,0,MR,1583022149,10,20.52,-13.05,19.78,3.02
25,Pevek,100,RU,1583021908,97,69.7,170.31,-19.38,2.58
26,Kavieng,100,PG,1583022149,70,-2.57,150.8,29.28,1.17
27,Lavrentiya,0,RU,1583022073,82,65.58,-171.0,-18.89,2.44
28,Grande Prairie,90,CA,1583022150,85,55.17,-118.8,-8.0,6.7
29,Srednekolymsk,0,RU,1583022150,81,67.45,153.68,-14.28,3.5
30,Albany,40,US,1583021878,53,42.6,-73.97,-5.56,7.7
31,Mūlki,20,IN,1583022151,83,13.1,74.8,26.0,2.1
32,Rikitea,100,PF,1583022014,79,-23.12,-134.97,26.84,7.39
33,São Filipe,17,CV,1583021898,57,14.9,-24.5,23.12,10.02
34,Cape Town,0,ZA,1583021462,63,-33.93,18.42,17.78,2.1
35,Ponta do Sol,20,PT,1583021923,77,32.67,-17.1,18.0,1.5
36,Cabatuan,35,PH,1583022152,77,10.88,122.49,24.72,5.35
37,Johi,0,PK,1583022152,41,26.69,67.61,19.92,3.65
38,Atuona,2,PF,1583021879,75,-9.8,-139.03,27.92,8.5
39,Bluff,67,NZ,1583022153,49,-46.6,168.33,19.61,1.58
40,Bredasdorp,15,ZA,1583021911,82,-34.53,20.04,17.78,4.6
41,Airai,99,TL,1583021904,78,-8.93,125.41,24.11,1.58
42,Xiaoweizhai,95,CN,1583022153,96,26.19,107.51,12.66,2.32
43,Chokurdakh,7,RU,1583022048,85,70.63,147.92,-19.67,3.4
44,Biryusinsk,97,RU,1583022154,95,55.96,97.82,-11.03,2.99
45,Asău,30,RO,1583021933,76,46.43,26.4,0.0,5.7
46,Saskylakh,98,RU,1583022154,88,71.92,114.08,-19.14,3.94
47,Arraial do Cabo,100,BR,1583021821,89,-22.97,-42.03,24.27,6.94
48,La Ronge,90,CA,1583021936,79,55.1,-105.28,-3.0,5.7
49,Castro,13,BR,1583021903,95,-24.79,-50.01,15.76,3.33
50,Busselton,24,AU,1583021878,46,-33.65,115.33,21.11,8.22
51,Hilo,90,US,1583021795,68,19.73,-155.09,22.78,6.26
52,Ushuaia,75,AR,1583021956,93,-54.8,-68.3,11.0,10.8
53,Saint-Philippe,5,RE,1583022031,83,-21.36,55.77,25.0,1.5
54,Geraldton,40,AU,1583022156,83,-28.77,114.6,22.0,6.2
55,Ugoofaaru,50,MV,1583021930,76,5.67,73.0,27.46,4.74
56,Vaini,40,TO,1583021876,79,-21.2,-175.2,29.0,6.2
57,Alofi,0,NU,1583021901,74,-19.06,-169.92,30.0,5.1
58,Mchinji,45,MW,1583022156,98,-13.8,32.88,17.41,1.63
59,Upernavik,69,GL,1583022157,86,72.79,-56.15,-31.53,1.6
60,Khatanga,100,RU,1583021881,94,71.97,102.5,-17.54,6.07
61,Mahébourg,40,MU,1583021901,94,-20.41,57.7,25.0,1.73
62,Puerto Ayora,75,EC,1583022136,74,-0.74,-90.35,28.0,6.2
63,Aswān,41,EG,1583021907,44,24.09,32.91,15.0,3.1
64,Zitlala,0,MX,1583022158,71,17.63,-99.08,19.81,3.74
65,Jamestown,90,US,1583022110,79,42.1,-79.24,-2.78,6.2
66,Gemena,12,CD,1583022158,55,3.25,19.77,25.15,1.68
67,Port Hardy,40,CA,1583022159,75,50.7,-127.42,6.0,4.1
68,Ribeira Grande,89,PT,1583022159,91,38.52,-28.7,14.77,7.45
69,Qaanaaq,12,GL,1583022009,70,77.48,-69.36,-31.49,2.34
70,Katsuura,20,JP,1583022159,62,35.13,140.3,12.78,6.7
71,Solnechnyy,0,RU,1583022159,82,50.72,136.63,-8.74,1.05
72,Longyearbyen,75,SJ,1583022069,70,78.22,15.64,-17.0,4.1
73,Riyadh,0,SA,1583022160,24,24.69,46.72,20.0,3.6
74,Visby,100,SE,1583022160,100,57.64,18.3,4.44,5.7
75,Salalah,0,OM,1583022034,40,17.02,54.09,22.0,1.0
76,Pochutla,5,MX,1583022161,43,15.74,-96.47,31.0,5.04
77,Suslovo,0,RU,1583022065,92,56.22,88.12,-11.91,1.49
78,Lamu,34,KE,1583022161,82,-2.27,40.9,27.99,4.4
79,Bangkalan,100,ID,1583022161,90,-7.05,112.74,25.47,3.14
80,Fenoarivo,75,MG,1583022161,82,-18.93,47.44,18.0,2.6
81,Buin,0,CL,1583022162,56,-33.73,-70.75,26.0,6.7
82,Matara,98,LK,1583022162,90,5.95,80.54,21.67,2.47
83,Beisfjord,100,NO,1583022162,85,68.38,17.6,-2.78,6.7
84,Cardston,75,CA,1583022162,38,49.2,-113.3,5.0,12.3
85,Carnarvon,0,AU,1583021880,78,-24.87,113.63,24.0,6.2
86,Camalú,65,MX,1583022163,36,30.85,-116.07,18.42,4.49
87,Pangody,100,RU,1583022163,91,65.85,74.49,-4.61,13.27
88,Lebu,0,CL,1583022163,73,-37.62,-73.65,15.12,1.56
89,Sampit,100,ID,1583022163,96,-2.53,112.95,25.18,0.75
90,Avarua,2,CK,1583021881,70,-21.21,-159.78,29.0,4.1
91,Vila Franca do Campo,75,PT,1583022164,88,37.72,-25.43,17.0,7.7
92,Port Lincoln,86,AU,1583021969,54,-34.73,135.87,21.53,3.33
93,Mumford,3,GH,1583022164,83,5.26,-0.76,26.98,2.76
94,Iskateley,100,RU,1583022069,96,67.68,53.15,-9.37,3.93
95,Cabo San Lucas,40,MX,1583022025,60,22.89,-109.91,27.78,3.6
96,Lompoc,90,US,1583021844,71,34.64,-120.46,19.44,6.2
97,Pahrump,1,US,1583022108,17,36.21,-115.98,21.11,4.6
98,Rawson,0,AR,1583021948,46,-43.3,-65.1,21.73,7.72
99,Toora-Khem,99,RU,1583022165,95,52.47,96.11,-9.02,2.24
100,George Town,20,MY,1583022031,69,5.41,100.34,27.0,3.6
101,Cayenne,90,GF,1583022166,74,4.93,-52.33,26.0,2.1
102,Carora,95,VE,1583022166,58,10.18,-70.08,25.1,2.2
103,Acajutla,0,SV,1583022166,61,13.59,-89.83,28.55,2.5
104,Kedrovyy,100,RU,1583022166,84,56.17,91.82,-14.0,1.0
105,Ginir,0,ET,1583022167,44,7.13,40.7,16.63,1.88
106,Hermanus,0,ZA,1583021893,84,-34.42,19.23,19.44,4.02
107,Nome,1,US,1583021939,70,64.5,-165.41,-13.33,2.1
108,Vardø,39,NO,1583022167,80,70.37,31.11,-5.76,2.17
109,Hanko,100,FI,1583022168,98,59.83,22.95,1.11,6.04
110,Norman Wells,40,CA,1583021875,63,65.28,-126.83,-22.0,4.6
111,Zatoka,0,UA,1583022168,80,46.07,30.47,1.0,2.0
112,Half Moon Bay,75,US,1583022168,66,37.46,-122.43,15.56,8.7
113,Quelimane,3,MZ,1583022069,92,-17.88,36.89,24.52,3.8
114,Yulara,85,AU,1583022100,16,-25.24,130.99,33.0,5.1
115,Mahon,100,ES,1583022169,87,39.89,4.27,15.0,5.7
116,Barrow,40,US,1583021818,76,71.29,-156.79,-23.0,3.6
117,Boa Vista,38,BR,1583022021,48,2.82,-60.67,31.0,5.7
118,Saint-Pierre,0,RE,1583022170,83,-21.34,55.48,25.0,1.5
119,Āsosa,0,ET,1583022170,13,10.07,34.53,21.95,2.38
120,East London,38,ZA,1583021888,78,-33.02,27.91,19.2,6.79
121,Nova Olímpia,96,BR,1583021832,95,-14.8,-57.29,21.91,1.25
122,Hailar,93,CN,1583022171,97,49.2,119.7,-18.86,2.58
123,Bambous Virieux,40,MU,1583022060,94,-20.34,57.76,25.0,2.13
124,Port Elizabeth,30,ZA,1583022171,82,-33.92,25.57,18.0,4.6
125,Buraidah,2,SA,1583022171,54,26.33,43.98,14.0,3.1
126,Klaksvík,100,FO,1583022172,91,62.23,-6.59,4.0,17.0
127,Nouadhibou,0,MR,1583022172,72,20.93,-17.03,19.0,9.3
128,Chicama,90,PE,1583022172,78,-7.84,-79.15,24.0,5.1
129,Tiksi,7,RU,1583022172,89,71.69,128.87,-21.29,2.4
130,Slavutych,0,UA,1583022172,75,51.52,30.73,0.76,4.46
131,Zhanakorgan,100,KZ,1583022173,53,43.91,67.25,4.21,0.89
132,Mtambile,78,TZ,1583022173,72,-5.38,39.7,29.65,1.42
133,Nikolskoye,90,RU,1583022029,92,59.7,30.79,-0.56,4.0
134,Ust'-Kut,91,RU,1583021971,97,56.79,105.77,-13.79,0.92
135,Sajanan,24,TN,1583022173,57,37.06,9.24,11.0,0.5
136,Samaná,20,DO,1583022173,88,19.21,-69.34,25.0,1.06
137,Dikson,100,RU,1583022174,89,73.51,80.55,-14.46,9.38
138,Gamba,100,GA,1583022174,91,-2.65,10.0,25.67,3.14
139,Maniitsoq,80,GL,1583021922,84,65.42,-52.9,-16.51,2.49
140,Surin,31,TH,1583022174,60,14.88,103.49,24.44,1.5
141,Lázaro Cárdenas,0,MX,1583021924,64,17.96,-102.2,27.34,3.77
142,Fairbanks,75,US,1583022040,58,64.84,-147.72,-12.78,0.86
143,Tomatlán,0,MX,1583022175,39,19.93,-105.25,28.48,2.84
144,Ararat,75,AM,1583022175,87,39.83,44.7,6.0,1.0
145,Lakes Entrance,95,AU,1583022175,62,-37.88,147.98,24.44,0.45
146,Thompson,90,CA,1583022037,85,55.74,-97.86,-4.0,1.5
147,Oberá,0,AR,1583022176,52,-27.49,-55.12,21.1,1.22
148,Coyhaique,10,CL,1583022014,59,-45.58,-72.07,18.0,2.7
149,Alyangula,40,AU,1583022059,79,-13.85,136.42,30.0,3.6
150,Masapang,40,PH,1583022176,69,14.2,121.34,27.78,3.6
151,Kaitangata,45,NZ,1583022177,66,-46.28,169.85,14.64,3.21
152,Noumea,75,NC,1583022130,59,-22.28,166.46,33.0,4.6
153,Saint Paul Harbor,90,US,1583021885,100,57.79,-152.41,1.0,4.1
154,Kuril'sk,30,RU,1583022177,75,45.23,147.88,-6.89,0.39
155,Sur,0,OM,1583021913,53,22.57,59.53,19.21,2.34
156,Caucaia,20,BR,1583021909,70,-3.74,-38.65,29.0,1.5
157,Kavaratti,100,IN,1583021908,68,10.57,72.64,28.09,1.47
158,Ampanihy,97,MG,1583022178,85,-24.7,44.75,21.25,6.05
159,Desaguadero,23,PE,1583022178,75,-16.57,-69.04,10.19,4.86
160,Sistranda,75,NO,1583022178,68,63.73,8.83,-2.0,6.7
161,Najrān,0,SA,1583021945,20,17.49,44.13,20.0,2.1
162,Esperance,90,AU,1583022045,93,-33.87,121.9,18.0,9.3
163,Butaritari,85,KI,1583022026,81,3.07,172.79,28.61,9.23
164,Tsovinar,93,AM,1583022180,98,40.16,45.46,-5.05,5.37
165,San Quintín,85,MX,1583021911,60,30.48,-115.95,17.08,4.39
166,Celestún,0,MX,1583022181,67,20.87,-90.4,22.07,13.02
167,Camacha,40,PT,1583022181,88,33.08,-16.33,18.0,5.1
168,Bafoulabé,17,ML,1583022181,7,13.81,-10.83,26.62,3.99
169,Ust-Nera,8,RU,1583022181,98,64.57,143.2,-27.34,1.4
170,Nioro,47,GM,1583022182,8,13.35,-15.75,26.95,4.05
171,Kalmunai,76,LK,1583021903,78,7.42,81.82,26.88,6.37
172,Deniliquin,80,AU,1583022182,27,-35.53,144.97,29.19,4.95
173,Pouembout,59,NC,1583022183,64,-21.13,164.9,30.09,4.04
174,Balakhta,82,RU,1583022183,99,55.38,91.6,-15.9,0.4
175,Thinadhoo,20,MV,1583022183,78,0.53,72.93,27.89,6.2
176,Bethel,1,US,1583021879,38,41.37,-73.41,-1.0,4.6
177,Bontang,100,ID,1583022184,77,0.13,117.5,27.14,4.17
178,Belle Glade,20,US,1583022184,36,26.68,-80.67,17.0,2.6
179,Balotra,0,IN,1583022184,34,25.83,72.23,20.87,3.6
180,Yatou,100,CN,1583022184,84,37.15,122.38,4.73,2.67
181,San Cristobal,40,VE,1583021959,61,7.77,-72.22,28.0,2.1
182,Phan Thiet,1,VN,1583022185,64,10.93,108.1,23.71,1.38
183,Kapuskasing,20,CA,1583022185,56,49.42,-82.43,-11.0,1.5
184,Veverská Bítýška,100,CZ,1583022185,91,49.28,16.44,6.11,3.1
185,Huarmey,61,PE,1583022185,77,-10.07,-78.15,22.78,2.11
186,Auki,31,SB,1583022185,69,-8.77,160.7,29.15,1.39
187,Taoudenni,0,ML,1583021898,13,22.68,-3.98,21.31,3.84
188,Guerrero Negro,100,MX,1583022186,42,27.98,-114.06,19.77,7.05
189,Alice Springs,100,AU,1583022186,11,-23.7,133.88,32.0,5.1
190,Rochegda,100,RU,1583022186,94,62.8,43.25,-8.54,4.41
191,Philadelphia,75,US,1583022137,32,39.95,-75.16,0.0,5.7
192,Yar-Sale,100,RU,1583022040,96,66.83,70.83,-1.05,13.47
193,Hvide Sande,63,DK,1583022187,86,56.0,8.13,5.0,6.7
194,Inhambane,52,MZ,1583022187,71,-23.86,35.38,23.9,8.32
195,San Patricio,5,MX,1583021974,79,19.22,-104.7,29.0,6.2
196,Pacifica,75,US,1583022188,66,37.61,-122.49,15.56,8.7
197,Mossamedes,83,AO,1583022188,75,-15.2,12.15,22.92,1.19
198,Ahipara,63,NZ,1583021965,79,-35.17,173.17,27.78,3.35
199,Kremenki,21,RU,1583022189,92,54.88,37.13,-1.0,2.0
200,Bubaque,0,GW,1583022189,64,11.28,-15.83,27.47,6.58
201,Saldanha,0,ZA,1583022189,40,-33.01,17.94,23.0,4.6
202,The Valley,20,AI,1583021968,83,18.22,-63.06,25.56,3.1
203,Erenhot,2,CN,1583022189,82,43.65,111.98,-9.35,3.42
204,Souillac,40,MU,1583021925,94,-20.52,57.52,25.0,1.73
205,Pisco,48,PE,1583022057,78,-13.7,-76.22,24.0,8.7
206,North Branch,1,US,1583022190,69,45.51,-92.98,3.0,2.6
207,Huancavelica,100,PE,1583022190,97,-12.77,-74.98,1.7,3.13
208,Brainerd,1,US,1583022190,69,46.36,-94.2,2.22,3.6
209,Cidreira,0,BR,1583021828,73,-30.18,-50.21,23.65,5.41
210,Oistins,20,BB,1583022191,69,13.07,-59.53,25.0,5.7
211,Vostok,79,RU,1583022191,91,46.49,135.88,-6.58,0.3
212,Santa Rosa,40,PH,1583022191,69,14.31,121.11,27.78,3.6
213,Roald,100,NO,1583022191,51,62.58,6.13,4.0,8.7
214,Ghogha,0,IN,1583022192,66,21.68,72.28,23.4,6.11
215,Bogorodskoye,0,RU,1583022192,88,56.55,37.88,-5.41,3.88
216,Teya,84,RU,1583022192,97,60.38,92.63,-18.06,0.98
217,Tilichiki,0,RU,1583022192,85,60.47,166.1,-17.8,4.94
218,Cuamba,65,MZ,1583022192,93,-14.8,36.54,19.47,2.27
219,Kulhudhuffushi,69,MV,1583022018,76,6.62,73.07,27.39,3.16
220,El Ejido,100,ES,1583022193,77,36.78,-2.81,17.0,7.7
221,Avera,1,US,1583021933,31,33.19,-82.53,12.0,1.5
222,Mitchell,1,US,1583022193,65,43.71,-98.03,8.0,4.6
223,Mount Isa,88,AU,1583022041,31,-20.73,139.5,32.0,1.0
224,Mar del Plata,0,AR,1583022194,94,-38.0,-57.56,20.0,4.1
225,Dudinka,75,RU,1583022194,84,69.41,86.18,-17.0,5.0
226,Charters Towers,0,AU,1583022194,59,-20.1,146.27,28.27,4.26
227,Alta Floresta,93,BR,1583021881,96,-9.88,-56.09,23.22,1.85
228,Dingle,35,PH,1583022008,77,11.0,122.67,24.72,5.35
229,Beringovskiy,0,RU,1583021950,84,63.05,179.32,-20.45,10.15
230,Olafsvik,100,IS,1583021936,74,64.89,-23.71,0.07,4.69
231,Fare,100,PF,1583022195,89,-16.7,-151.02,26.25,10.0
232,Faanui,100,PF,1583021895,83,-16.48,-151.75,27.4,10.2
233,Ulladulla,28,AU,1583022196,57,-35.35,150.47,27.22,2.6
234,Kruisfontein,9,ZA,1583022060,91,-34.0,24.73,15.41,3.35
235,Cabedelo,40,BR,1583022196,83,-6.98,-34.83,27.0,2.6
236,Biggar,90,GB,1583022196,87,55.62,-3.52,7.0,13.9
237,Niamey,0,NE,1583022197,14,13.51,2.11,27.0,1.5
238,Kurchum,0,KZ,1583022197,88,48.57,83.65,-13.0,1.31
239,Buala,60,SB,1583021935,72,-8.14,159.59,29.46,3.01
240,Pudozh,95,RU,1583022197,92,61.81,36.53,-9.27,2.92
241,Sharan,100,RU,1583022197,96,54.82,54.0,-4.39,3.59
242,Port Moresby,40,PG,1583022051,79,-9.44,147.18,30.0,5.1
243,Santa Luzia,75,BR,1583021924,94,-19.77,-43.85,21.0,2.1
244,Sørland,58,NO,1583021907,56,67.67,12.69,-0.22,8.45
245,Chui,0,UY,1583022199,91,-33.7,-53.46,19.78,3.35
246,Tura,0,IN,1583021993,63,25.52,90.22,17.45,1.06
247,Clyde River,1,CA,1583022031,74,70.47,-68.59,-32.0,8.2
248,San Vicente,31,AR,1583022199,99,-26.62,-54.13,21.67,2.68
249,Gilbués,98,BR,1583022199,82,-9.83,-45.34,25.14,0.27
250,Gebre Guracha,100,ET,1583022200,46,9.8,38.4,21.75,2.62
251,Eirunepé,51,BR,1583022200,90,-6.66,-69.87,24.23,0.99
252,Vao,100,NC,1583022200,82,-22.67,167.48,26.83,7.58
253,Pasaje,90,EC,1583022150,83,-3.33,-79.82,32.0,1.5
254,Aleppo Governorate,100,SY,1583022200,88,36.25,37.5,7.48,7.02
255,Álamos,100,MX,1583022201,49,27.02,-108.93,25.56,3.13
256,Tawang Town,20,IN,1583022201,60,27.58,91.87,-4.58,1.72
257,Belmonte,40,BR,1583021927,74,-15.86,-38.88,27.0,4.6
258,Huilong,100,CN,1583022201,95,31.81,121.66,9.44,1.34
259,Mackay,90,AU,1583022202,83,-21.15,149.2,30.56,2.6
260,Camaná,75,PE,1583022202,78,-16.62,-72.71,20.31,2.52
261,Finnsnes,100,NO,1583022202,85,69.23,17.98,-4.0,6.2
262,Lieksa,61,FI,1583022202,85,63.32,30.02,-9.04,2.14
263,Coquimbo,54,CL,1583022203,87,-29.95,-71.34,16.0,3.6
264,Leningradskiy,100,RU,1583022203,93,69.38,178.42,-14.16,3.11
265,Umm Kaddadah,54,SD,1583022203,15,13.6,26.69,19.98,5.89
266,Lagoa,100,PT,1583022203,86,39.05,-27.98,16.59,10.63
267,Aysha,37,RU,1583022203,86,55.87,48.63,-3.0,4.0
268,Luan,75,CH,1583022204,100,46.36,6.98,9.0,1.0
269,Kalmanka,75,RU,1583022204,86,52.9,83.54,-1.0,2.0
270,Raudeberg,100,NO,1583022204,60,61.99,5.14,4.0,12.3
271,Hattiesburg,1,US,1583022204,41,31.33,-89.29,19.0,1.03
272,San Miguel de Tucumán,0,AR,1583022205,61,-26.82,-65.22,27.0,1.5
273,Sergeevka,100,KZ,1583022205,86,53.88,67.42,-6.31,4.13
274,Rapid Valley,1,US,1583022066,34,44.06,-103.15,14.44,1.5
275,Viranşehir,76,TR,1583021930,82,37.24,39.76,9.49,0.83
276,Goderich,99,CA,1583022106,53,43.75,-81.72,0.56,0.89
277,Pecos,1,US,1583022206,7,31.42,-103.49,26.0,6.2
278,Whitehorse,75,CA,1583022097,61,60.72,-135.05,-10.56,4.6
279,Truth or Consequences,1,US,1583022206,11,33.13,-107.25,20.0,9.3
280,Urengoy,100,RU,1583022207,81,65.97,78.37,-9.77,11.28
281,Sīrjān,0,IR,1583022207,46,29.45,55.68,9.2,2.44
282,Khimki,2,RU,1583022207,92,55.9,37.44,0.0,4.0
283,eMkhomazi,97,ZA,1583022207,88,-30.21,30.8,19.44,3.37
284,Mount Gambier,78,AU,1583021937,82,-37.83,140.77,17.0,4.6
285,Níjar,100,ES,1583022208,77,36.97,-2.21,17.0,7.7
286,Kisangani,92,CD,1583022208,58,0.52,25.2,24.49,0.87
287,Seddon,80,AU,1583022208,39,-37.81,144.89,27.78,6.7
288,Nemuro,75,JP,1583022208,67,43.32,145.57,-5.0,1.5
289,Penalva,98,BR,1583022030,97,-3.29,-45.17,24.33,1.17
290,Meulaboh,78,ID,1583022209,81,4.14,96.13,27.61,3.49
291,Yumen,38,CN,1583022209,40,40.28,97.2,-4.38,5.11
292,Acapulco de Juárez,5,MX,1583022209,74,16.86,-99.89,29.0,3.1
293,Yanggu,49,CN,1583022210,75,36.11,115.78,7.13,2.36
294,Lüderitz,61,NA,1583022025,88,-26.65,15.16,19.0,3.1
295,Město Albrechtice,100,CZ,1583022210,56,50.16,17.57,7.78,4.1
296,Pinawa,100,CA,1583022210,94,50.15,-95.88,0.06,3.53
297,Shelburne,75,CA,1583022211,78,44.08,-80.2,-5.0,4.54
298,Richards Bay,58,ZA,1583022211,71,-28.78,32.04,21.02,2.42
299,Manyana,100,BW,1583022211,71,-23.4,21.72,21.33,3.8
300,Tamási,89,HU,1583022211,58,46.63,18.28,5.02,4.98
301,Constitución,0,CL,1583022212,86,-35.33,-72.42,13.71,0.82
302,Talnakh,65,RU,1583022028,84,69.49,88.4,-18.0,3.0
303,Buchanan,74,LR,1583022066,93,5.88,-10.05,25.85,1.72
304,Adzopé,0,CI,1583022213,88,6.11,-3.86,25.71,1.62
305,Alugan,67,PH,1583022213,74,12.22,125.48,26.02,5.67
306,Indramayu,100,ID,1583022213,86,-6.33,108.32,26.29,3.53
307,Maceió,40,BR,1583021779,83,-9.67,-35.74,26.0,2.6
308,Crucea,0,RO,1583022214,74,44.53,28.23,2.0,2.1
309,Ilaskhan-Yurt,90,RU,1583022214,93,43.28,46.1,3.0,2.0
310,Zhigansk,93,RU,1583022214,98,66.77,123.37,-23.31,3.87
311,Xai-Xai,17,MZ,1583022214,75,-25.05,33.64,20.39,2.94
312,Latung,83,PH,1583022214,78,5.5,120.88,27.84,2.63
313,Saint Anthony,1,US,1583022215,74,45.02,-93.22,3.33,5.1
314,Comodoro Rivadavia,15,AR,1583022215,68,-45.87,-67.5,22.0,1.0
315,Vallenar,0,CL,1583022215,91,-28.57,-70.76,14.41,1.65
316,Dolores,26,AR,1583022215,78,-36.31,-57.68,19.77,5.21
317,Tuatapere,53,NZ,1583022216,42,-46.13,167.68,20.74,0.96
318,Merauke,100,ID,1583021892,78,-8.47,140.33,29.13,1.68
319,Bambanglipuro,91,ID,1583022216,84,-7.95,110.28,25.44,1.03
320,Thunder Bay,75,CA,1583022089,63,48.4,-89.32,-1.11,3.1
321,Assiniboia,99,CA,1583021978,61,49.63,-105.98,2.09,7.43
322,Havre-St-Pierre,90,CA,1583022217,85,50.23,-63.6,-6.0,3.6
323,Tayshet,97,RU,1583022217,95,55.93,98.0,-11.03,2.99
324,Hulan Ergi,94,CN,1583022217,94,47.2,123.63,-11.99,1.61
325,Palanga,100,LT,1583022217,80,55.92,21.07,4.0,7.2
326,Troitskoye,87,RU,1583022218,97,52.98,84.68,-4.38,1.25
327,Broome,40,US,1583022218,78,42.25,-75.83,-6.11,3.6
328,Kurumkan,91,RU,1583022218,83,54.3,110.3,-17.28,1.01
329,Pangnirtung,20,CA,1583022218,74,66.15,-65.71,-30.0,1.0
330,Bereda,40,ES,1583022219,87,43.27,-7.54,10.56,4.1
331,Abu Samrah,100,SY,1583022219,82,35.3,37.18,7.33,4.38
332,Kushikino,75,JP,1583022219,100,31.72,130.27,13.0,2.1
333,Trincomalee,33,LK,1583022219,97,8.57,81.23,21.31,0.47
334,Juegang,100,CN,1583022220,96,32.32,121.19,8.89,0.89
335,Port-Gentil,40,GA,1583022220,83,-0.72,8.78,28.0,3.6
336,Harrisonburg,1,US,1583021974,42,38.45,-78.87,2.0,3.6
337,Kloulklubed,75,PW,1583022221,74,7.04,134.26,29.0,4.6
338,Isangel,90,VU,1583021944,79,-19.55,169.27,31.0,5.03
339,Ruska Poliana,1,UA,1583022221,70,49.42,31.92,1.65,3.71
340,Severo-Kuril'sk,94,RU,1583022221,83,50.68,156.12,-3.9,2.67
341,Hohhot,20,CN,1583022221,62,40.81,111.65,-5.0,1.0
342,Saryg-Sep,100,RU,1583022222,96,51.5,95.6,-10.47,1.02
343,Mayya,0,RU,1583022222,75,61.73,130.28,-28.0,2.0
344,Monte Alegre,100,BR,1583022222,82,-2.01,-54.07,26.22,1.57
345,Midland,1,US,1583022080,16,32.0,-102.08,22.0,4.6
346,Sidi Ali,16,DZ,1583022222,68,36.1,0.42,12.38,3.93
347,Ōdachō-ōda,75,JP,1583022223,100,35.18,132.5,6.0,1.0
348,São João da Barra,75,BR,1583022223,94,-21.64,-41.05,24.0,2.1
349,Wamba,60,NG,1583022223,18,8.93,8.6,26.91,2.13
350,Provideniya,0,RU,1583022223,76,64.38,-173.3,-18.12,6.55
351,Vanimo,74,PG,1583021953,75,-2.67,141.3,28.33,2.38
352,Saint George,1,US,1583021844,25,37.1,-113.58,17.0,1.62
353,Mogadishu,97,SO,1583021864,82,2.04,45.34,26.71,7.13
354,Ngara,54,TZ,1583022224,96,-2.51,30.66,15.93,0.74
355,Fort-Shevchenko,5,KZ,1583022224,84,44.51,50.26,2.36,5.4
356,Nhulunbuy,75,AU,1583022225,79,-12.23,136.77,30.0,3.6
357,Awjilah,0,LY,1583022225,63,29.11,21.29,14.39,3.27
358,Les Cayes,2,HT,1583022061,75,18.2,-73.75,25.95,1.86
359,Synya,100,RU,1583022225,95,65.37,58.04,-2.98,4.06
360,Tecalitlán,5,MX,1583022225,54,19.47,-103.3,28.0,5.1
361,Port Blair,20,IN,1583021957,94,11.67,92.75,24.0,4.72
362,Shimoda,75,JP,1583022028,66,34.67,138.95,12.22,5.1
363,Palana,0,RU,1583022226,66,59.12,159.97,-13.14,1.64
364,Timrå,99,SE,1583022226,79,62.49,17.33,-6.11,4.1
365,Codrington,82,AU,1583021904,80,-38.27,141.97,16.71,3.81
366,Weiser,100,US,1583022227,29,44.25,-116.97,8.89,1.79
367,Margate,20,GB,1583022227,70,51.38,1.39,6.11,10.3
368,Iquitos,20,PE,1583022227,88,-3.75,-73.25,27.0,1.13
369,Nadvoitsy,97,RU,1583022227,91,63.87,34.32,-11.66,2.39
370,Oriximiná,100,BR,1583022227,76,-1.77,-55.87,27.82,1.87
371,Hastings,20,GB,1583022228,80,50.86,0.57,6.11,6.7
372,Arlit,0,NE,1583022228,10,18.74,7.39,22.89,5.14
373,Dietikon,75,CH,1583022228,87,47.4,8.4,9.0,5.1
374,Alpinópolis,31,BR,1583022228,94,-20.86,-46.39,18.65,1.17
375,Wajima,20,JP,1583022088,64,37.4,136.9,6.0,3.1
376,Kalabo,100,ZM,1583022229,96,-14.97,22.68,19.48,0.72
377,Nampula,55,MZ,1583022229,97,-15.12,39.27,21.19,3.38
378,Hagen,81,DE,1583022229,75,51.35,7.47,7.22,7.2
379,Vila,75,PT,1583021907,87,42.03,-8.16,13.89,5.7
380,Okha,98,RU,1583022229,95,53.57,142.95,-13.79,3.27
381,Big Rapids,1,US,1583022230,42,43.7,-85.48,-1.11,2.6
382,Lata,40,PT,1583022230,93,40.16,-8.33,13.0,2.6
383,Kumul,0,CN,1583022230,40,42.8,93.45,-1.0,1.37
384,Cilegon,75,ID,1583022230,94,-6.02,106.05,26.0,3.1
385,Vestmannaeyjar,100,IS,1583022063,67,63.44,-20.27,3.98,9.55
386,Hobyo,0,SO,1583022231,85,5.35,48.53,22.97,4.08
387,College,75,US,1583022018,58,64.86,-147.8,-13.33,0.86
388,Cervo,88,ES,1583022231,80,43.67,-7.41,10.56,2.24
389,Maningrida,99,AU,1583022076,76,-12.07,134.27,28.33,0.99
390,Charleston,1,US,1583022000,37,32.78,-79.93,11.11,2.6
391,Ayan,1,RU,1583022232,74,56.45,138.17,-12.16,1.52
392,Panama City,20,PA,1583022218,58,8.99,-79.52,28.0,5.7
393,Radford,1,US,1583022232,50,37.13,-80.58,2.0,5.7
394,Haines Junction,100,CA,1583022011,94,60.75,-137.51,-12.18,3.62
395,Sambava,71,MG,1583022233,98,-14.27,50.17,22.36,0.85
396,Bud,20,US,1583022233,58,39.45,-86.18,1.67,3.6
397,Grand Gaube,40,MU,1583021884,94,-20.01,57.66,25.0,3.32
398,Mattawa,20,US,1583022233,31,46.74,-119.9,13.0,5.1
399,Husavik,90,IS,1583021916,77,66.04,-17.34,0.0,2.1
400,Zhangye,97,CN,1583022234,47,38.93,100.45,-1.88,1.15
401,Igrim,100,RU,1583022234,86,63.19,64.42,-0.08,6.34
402,Baghmara,0,IN,1583022234,55,23.8,86.21,18.74,0.5
403,Sept-Îles,75,CA,1583022106,85,50.2,-66.38,-8.89,1.0
404,Zahirābād,5,IN,1583022235,67,17.68,77.62,20.58,2.2
405,Surab,0,PK,1583022235,73,28.49,66.26,5.73,0.61
406,Hualmay,88,PE,1583022075,75,-11.1,-77.61,22.89,2.82
407,Tessalit,0,ML,1583021910,9,20.2,1.01,20.7,3.99
408,Mae Sot,18,TH,1583022235,88,16.72,98.57,21.0,0.75
409,Astoria,40,US,1583022236,70,46.19,-123.83,8.33,2.6
410,Shenjiamen,100,CN,1583022085,93,29.96,122.3,9.73,7.04
411,Touros,40,BR,1583022236,78,-5.2,-35.46,28.0,1.5
412,Kabare,58,CD,1583022236,93,-2.47,28.82,15.31,0.23
413,Berlevåg,100,NO,1583022236,87,70.86,29.09,-1.45,6.14
414,Hemnesberget,60,NO,1583022236,95,66.23,13.63,-14.57,1.53
415,Ipilan,32,PH,1583022237,76,8.84,117.9,26.09,3.54
416,Chapayevka,0,UA,1583022237,70,47.47,36.35,1.03,0.84
417,Hoquiam,40,US,1583022237,65,46.98,-123.89,8.89,8.2
418,Jhang,75,PK,1583022237,100,33.67,72.7,12.0,4.1
419,Tiznit Province,21,MA,1583022237,71,29.58,-9.5,12.03,0.4
420,Luau,98,AO,1583022238,97,-10.71,22.22,18.6,1.63
421,Limay,40,PH,1583022238,73,14.53,120.55,27.78,2.1
422,Tra Vinh,0,VN,1583022238,82,9.93,106.35,25.37,3.21
423,Bunia,36,CD,1583022238,55,1.57,30.25,25.54,1.0
424,Lucé,75,FR,1583022238,87,48.44,1.46,6.67,6.2
425,Edgewater,1,US,1583022198,30,28.99,-80.9,16.0,2.6
426,Plettenberg Bay,0,ZA,1583022239,81,-34.05,23.37,18.06,1.86
427,Agirish,94,RU,1583022239,87,61.92,63.02,-2.0,6.38
428,Korla,0,CN,1583022239,65,41.76,86.15,-3.89,0.69
429,San Ramon,1,US,1583022080,58,37.78,-121.98,16.11,8.7
430,Sitka,90,US,1583021896,66,57.05,-135.33,4.0,3.6
431,Gayéri,0,BF,1583022240,12,12.65,0.49,25.44,2.97
432,Kvarkeno,97,RU,1583022240,97,52.08,59.73,-7.9,1.64
433,Evensk,0,RU,1583022240,75,61.95,159.23,-13.8,5.87
434,Karratha,18,AU,1583022241,81,-20.74,116.85,29.65,5.46
435,Ancud,0,CL,1583022241,72,-41.87,-73.82,19.0,5.1
436,La Dorada,62,CO,1583022241,95,5.45,-74.66,21.75,1.05
437,Uyuni,67,BO,1583022241,55,-20.46,-66.83,13.77,8.56
438,Bhainsa,65,IN,1583022241,81,26.95,76.9,16.34,4.32
439,Tommot,100,RU,1583022242,97,58.96,126.29,-20.82,0.47
440,Bathsheba,20,BB,1583022051,69,13.22,-59.52,25.0,5.7
441,Sirte,0,LY,1583022242,70,31.21,16.59,13.83,4.38
442,Kirkland Lake,75,CA,1583022242,65,48.14,-80.04,-13.0,2.1
443,Xique-Xique,28,BR,1583022243,68,-10.82,-42.73,24.56,1.66
444,Akdağmadeni,98,TR,1583022243,95,39.66,35.88,-2.81,3.92
445,Tarko-Sale,100,RU,1583022243,87,64.92,77.78,-7.22,2.24
446,Madison Heights,1,US,1583022244,87,42.49,-83.11,0.0,3.1
447,Tezu,0,IN,1583022244,50,27.92,96.17,14.57,1.47
448,Tucuruí,97,BR,1583022244,92,-3.77,-49.67,24.81,1.81
449,Sechura,37,PE,1583022244,88,-5.56,-80.82,24.2,6.07
450,Verkhnyaya Inta,100,RU,1583022244,81,65.98,60.31,-2.59,4.27
451,Smithers,20,CA,1583022245,51,54.78,-127.17,3.0,3.1
452,Pesqueira,57,BR,1583022245,83,-8.36,-36.7,22.63,5.3
453,Izumo,75,JP,1583022099,100,35.37,132.77,10.0,1.0
454,Bembèrèkè,98,BJ,1583022245,18,10.23,2.66,26.51,2.3
455,Tazmalt,2,DZ,1583022245,81,36.39,4.4,11.0,6.7
456,Ialibu,100,PG,1583022246,84,-6.28,143.99,20.66,0.2
457,Mandalgovi,0,MN,1583022246,72,45.76,106.27,-12.59,4.77
458,Praia,9,CV,1583022077,60,14.92,-23.51,23.0,7.2
459,Lindsay,1,US,1583022246,25,36.2,-119.09,24.44,2.1
460,Naze,75,JP,1583021901,94,28.37,129.48,20.0,3.1
461,Carutapera,100,BR,1583022247,82,-1.2,-46.02,27.63,6.1
462,Borūjerd,2,IR,1583022247,63,33.9,48.75,2.03,2.92
463,Ikalamavony,0,MG,1583021898,86,-21.15,46.58,19.44,2.36
464,Shubarkuduk,100,KZ,1583022248,82,49.14,56.49,-3.78,1.52
465,Shakawe,95,BW,1583022248,86,-18.37,21.85,20.03,1.68
466,Acaraú,61,BR,1583022248,90,-2.89,-40.12,24.79,1.1
467,Deputatsky,0,RU,1583022058,53,69.3,139.9,-17.15,1.96
468,Emerald,40,AU,1583022248,61,-23.53,148.17,28.89,3.1
469,Mandera,0,KE,1583022248,17,3.94,41.87,23.33,0.89
470,Mayo,1,US,1583022249,47,38.89,-76.51,1.67,6.2
471,Nago,1,JP,1583022079,53,26.59,127.98,24.0,3.1
472,Örnsköldsvik,71,SE,1583022072,79,63.29,18.72,-7.0,2.1
473,Ostrovnoy,100,RU,1583022063,83,68.05,39.51,-2.83,8.98
474,Agüimes,20,ES,1583022250,77,27.91,-15.45,17.22,7.2
475,Hambantota,44,LK,1583021937,80,6.12,81.12,25.79,8.46
476,Damietta,35,EG,1583022250,82,31.42,31.81,14.0,5.7
477,Hinganghāt,0,IN,1583022250,77,20.57,78.83,18.0,1.5
478,Morgan City,1,US,1583022250,62,29.7,-91.21,19.0,2.1
479,Kātol,0,IN,1583022251,77,21.27,78.58,18.0,1.5
480,Kieta,8,PG,1583022251,72,-6.22,155.63,28.93,1.65
481,Orán,41,AR,1583022251,81,-23.13,-64.33,25.56,1.47
482,Santo Domingo,75,DO,1583022223,78,18.5,-69.99,27.22,2.1
483,Krasnyy Chikoy,100,RU,1583022251,96,50.36,108.75,-12.98,0.36
484,Lüshunkou,40,CN,1583022076,86,38.8,121.27,1.0,2.0
485,Hamilton,1,US,1583021636,40,39.18,-84.53,1.11,1.85
486,Pacific Grove,20,US,1583021884,58,36.62,-121.92,16.67,4.1
487,Sūsangerd,0,IR,1583022252,82,31.56,48.18,13.0,2.1
488,Farah,0,AF,1583022253,56,32.5,62.5,10.95,0.04
489,Ardakān,0,IR,1583022253,37,32.31,54.02,10.0,3.1
490,Suez,12,EG,1583022253,67,29.97,32.53,12.06,4.09
491,Flinders,12,AU,1583021824,61,-34.58,150.86,27.22,2.6
492,Nkhotakota,67,MW,1583022254,78,-12.93,34.3,25.88,9.36
493,Malakal,93,SS,1583022254,8,9.53,31.66,26.14,3.57
494,Umm Hājar,4,TD,1583022255,14,13.3,19.7,25.7,5.76
495,Suisun City,1,US,1583022255,51,38.24,-122.04,17.22,10.3
496,Hervey Bay,75,AU,1583022255,58,-25.3,152.85,31.11,4.6
497,Salinas,40,US,1583022255,54,36.68,-121.66,16.11,8.7
498,Lakatoro,75,VU,1583022255,70,-16.1,167.42,32.0,3.6
499,Bajil,4,YE,1583022256,75,15.06,43.29,22.99,1.52
500,Linxi,99,CN,1583022256,78,39.7,118.43,1.13,1.87
501,Marzuq,0,YE,1583022256,60,14.4,46.47,17.54,1.34
502,Inta,100,RU,1583021901,87,66.03,60.17,-3.05,4.43
503,Manaus,75,BR,1583022257,100,-3.1,-60.02,25.0,1.0
504,Tobermory,42,CA,1583022257,70,45.25,-81.67,-10.0,6.7
505,Henties Bay,99,NA,1583022257,78,-22.12,14.28,19.69,2.42
506,Chimoré,18,BO,1583022257,57,-16.98,-65.13,26.0,0.99
507,Chkalovsk,60,RU,1583022258,85,56.76,43.24,-3.33,3.0
508,Prado,0,BR,1583022258,78,-17.34,-39.22,27.43,3.88
509,Anito,29,PH,1583022258,75,12.45,125.29,26.35,7.38
510,Zhangjiakou Shi Xuanhua Qu,7,CN,1583022258,42,40.61,115.04,-2.75,10.18
511,Nelson Bay,22,AU,1583021964,73,-32.72,152.15,27.22,2.6
512,Pilot Butte,75,CA,1583022187,69,50.47,-104.42,5.56,6.7
513,Glendive,1,US,1583022259,56,47.11,-104.71,7.22,6.2
514,Malacacheta,100,BR,1583022259,93,-17.84,-42.08,21.91,0.37
515,Izhma,100,RU,1583022259,90,65.01,53.91,-5.54,4.81
516,Ürümqi,20,CN,1583022028,79,43.8,87.6,-2.0,2.0
517,Pombas,40,CV,1583022260,60,17.15,-25.02,23.0,9.3
518,Kununurra,40,AU,1583022260,94,-15.77,128.73,26.0,2.6
519,Sinnamary,89,GF,1583022261,76,5.38,-52.95,26.2,8.01
520,Gravelbourg,94,CA,1583022261,62,49.88,-106.55,1.81,7.19
521,Tsiroanomandidy,0,MG,1583022261,96,-18.77,46.03,19.23,0.24
522,Chai Badan,32,TH,1583022261,80,15.2,101.13,28.33,1.31
523,Inuvik,20,CA,1583022064,63,68.35,-133.72,-22.0,1.0
524,Puerto del Rosario,40,ES,1583022262,82,28.5,-13.86,17.0,4.6
525,Safranbolu,96,TR,1583022262,97,41.25,32.69,-1.16,1.4
526,Serenje,88,ZM,1583022262,94,-13.23,30.24,17.67,3.04
527,Mafinga,99,TZ,1583022262,96,-7.25,35.07,18.35,0.61
528,Keokuk,1,US,1583022263,60,40.4,-91.38,6.11,3.6
529,Faya,0,SA,1583022263,76,18.39,42.45,14.0,3.6
530,Hurghada,0,EG,1583022263,45,27.26,33.81,17.0,2.6
531,Kyren,100,RU,1583022263,89,51.68,102.14,-13.74,2.42
532,Homer,90,US,1583022264,68,59.64,-151.55,-0.56,5.7
533,Paramonga,63,PE,1583022264,90,-10.67,-77.83,22.45,4.49
534,Varhaug,75,NO,1583022264,73,58.61,5.65,2.22,4.6
535,Kosh-Agach,14,RU,1583022264,99,50.0,88.67,-20.31,1.18
536,Saquarema,75,BR,1583022264,88,-22.92,-42.51,24.0,4.6
537,Lorengau,99,PG,1583021905,74,-2.02,147.27,29.3,5.06
538,Naliya,0,IN,1583022265,86,23.27,68.83,18.75,2.66
539,Harper,100,LR,1583022265,93,4.38,-7.72,26.1,2.15
540,Tabas,0,IR,1583022265,43,33.6,56.92,11.0,2.1
541,Krasavino,92,RU,1583022265,91,60.96,46.48,-6.04,4.87
542,Pundaguitan,20,PH,1583022266,83,6.37,126.17,26.14,4.12
543,Coahuayana Viejo,5,MX,1583021948,54,18.73,-103.68,28.0,5.1
544,Remontnoye,100,RU,1583022266,80,46.56,43.65,2.0,3.0
545,Gigmoto,65,PH,1583022266,76,13.78,124.39,25.89,5.5
546,Mareeba,40,AU,1583022266,62,-17.0,145.43,31.0,5.1
547,Honiara,20,SB,1583022267,58,-9.43,159.95,31.0,2.1
548,Luganville,75,VU,1583022267,70,-15.53,167.17,32.0,3.6
549,Khanbari,23,NP,1583022267,55,27.37,87.2,3.21,2.4
550,Barth,20,DE,1583022267,79,54.36,12.72,6.11,5.7
551,Jumla,92,NP,1583022267,57,29.27,82.18,-0.83,2.2
552,Makīnsk,100,KZ,1583022268,84,52.63,70.42,-4.34,4.25
553,Cumberland,1,US,1583022268,30,35.05,-78.87,7.22,3.1
554,Maputo,23,MZ,1583022268,77,-25.97,32.59,20.56,2.68
555,Walvis Bay,98,NA,1583022268,82,-22.96,14.51,20.0,2.1
556,Saint-Honoré,75,CA,1583022268,92,48.53,-71.08,-8.89,2.1
557,Amapá,89,BR,1583022269,95,1.0,-52.0,23.17,2.35
558,Cockburn Town,75,TC,1583022269,83,21.46,-71.14,23.0,6.7
559,Phalombe,87,MW,1583022269,99,-15.81,35.65,18.48,3.65
560,Altamira,87,BR,1583022269,89,-3.2,-52.21,24.83,0.74
561,Tamworth,75,GB,1583022269,75,52.63,-1.7,6.0,5.1
562,Palmer,75,US,1583022270,45,42.16,-72.33,-3.0,8.7
563,Kayamkulam,99,IN,1583022270,72,9.18,76.5,26.02,5.81
564,Voinka,32,UA,1583022270,63,45.87,33.99,3.59,1.7
565,Voineasa,60,RO,1583022271,86,44.28,24.13,1.11,1.5
566,Chifeng,97,CN,1583022271,84,42.27,118.96,-8.0,4.42
567,Whitianga,65,NZ,1583021904,66,-36.83,175.7,27.22,0.89
568,Nanning,75,CN,1583022271,93,22.82,108.32,19.0,1.0
569,Itoman,20,JP,1583022272,83,26.12,127.67,24.0,5.7
570,Tautira,75,PF,1583022272,94,-17.73,-149.15,24.0,2.6
571,Ossora,0,RU,1583022087,76,59.24,163.07,-12.43,2.4
572,Nadym,100,RU,1583022273,95,65.53,72.52,-0.41,14.07
573,Guasdualito,49,VE,1583022273,51,7.24,-70.73,30.0,1.5
574,Kirakira,36,SB,1583022079,70,-10.45,161.92,29.47,2.4
575,Bosaso,0,SO,1583022273,70,11.28,49.18,24.94,4.65
576,Adrar,0,MR,1583022273,12,20.5,-10.07,21.28,4.43
577,Galesong,100,ID,1583022274,94,-5.32,119.37,25.0,1.0
578,Santa Cruz de la Sierra,0,BO,1583022274,42,-17.8,-63.17,30.0,2.6
579,Petropavlovsk-Kamchatskiy,92,RU,1583022274,53,53.05,158.65,-5.0,1.0
580,Suntar,100,RU,1583021953,97,62.14,117.63,-17.32,1.26
581,Oddur,29,SO,1583022274,88,4.12,43.89,20.38,4.43
582,Tevriz,100,RU,1583022065,89,57.51,72.4,-2.1,3.89
583,San Lucas Sacatepéquez,20,GT,1583022275,63,14.61,-90.66,19.0,10.3
584,Yangi Marg`ilon,0,UZ,1583022049,60,40.43,71.72,4.0,2.1
585,Loukhi,18,RU,1583022125,80,66.08,33.04,-13.73,1.74
586,Qasigiannguit,14,GL,1583021915,51,68.82,-51.19,-25.0,0.5
587,Kathu,20,TH,1583022276,83,7.92,98.33,24.0,3.24
588,Benguela,18,AO,1583022276,76,-12.58,13.41,25.47,0.63
589,Dalbandin,0,PK,1583022276,33,28.89,64.41,13.19,1.81
590,Flin Flon,90,CA,1583022048,79,54.77,-101.86,-3.0,4.6
591,Hermosillo,92,MX,1583022036,18,29.07,-110.97,27.78,4.02
592,Magadan,0,RU,1583022277,73,59.57,150.8,-10.71,3.13
